query_id,template_id,template_label,warehouse_size,query_text
t16_s3,t16,8M rows · 3 joins · group by · order by · limit 100,Small,"with
    filtered as (
        select
            dim_customer_wl.customer_segment,
            dim_product_wl.product_category,
            dim_region_wl.region_name,
            fact_event.customer_id,
            fact_event.product_id,
            fact_event.amount
        from fact_event_x as fact_event
        inner join dim_customer_wl on fact_event.customer_id = dim_customer_wl.customer_id
        inner join dim_product_wl on fact_event.product_id = dim_product_wl.product_id
        inner join dim_region_wl on fact_event.region_id = dim_region_wl.region_id
        where cast(substr(fact_event.event_code, 3, 3) as integer)
            < 450
    )

    select
        customer_segment,
        product_category,
        region_name,
        customer_id,
        count(*) as query_rows,
        sum(amount) as amount_total,
        count(distinct product_id) as products
    from filtered
    group by customer_segment, product_category, region_name, customer_id
    order by amount_total desc
    limit 100"
t31_s3,t31,2M rows · 1 join · no group by · window · limit 100,Small,"with
    filtered as (
        select
            dim_customer_wl.customer_segment,
            fact_event.customer_id,
            fact_event.product_id,
            fact_event.amount
        from fact_event_s as fact_event
        inner join dim_customer_wl on fact_event.customer_id = dim_customer_wl.customer_id
        where cast(substr(fact_event.event_code, 3, 3) as integer)
            < 450
    ),

    ranked as (
        select
            filtered.*,
            row_number() over (
                partition by filtered.customer_id
                order by filtered.amount desc
            ) as amount_rank
        from filtered
    )

    select
        count(*) as query_rows,
        sum(amount) as amount_total,
        count(distinct product_id) as products,
        max(amount_rank) as deepest_rank
    from ranked
    limit 100"
t15_s3,t15,8M rows · 0 joins · group by · no limit,X-Small,"with
    filtered as (
        select
            fact_event.customer_id,
            fact_event.product_id,
            fact_event.amount
        from fact_event_x as fact_event
        where cast(substr(fact_event.event_code, 3, 3) as integer)
            < 450
    )

    select
        customer_id,
        count(*) as query_rows,
        sum(amount) as amount_total,
        count(distinct product_id) as products
    from filtered
    group by customer_id"
t60_s3,t60,3M rows · 2 joins · group by · window · order by · no limit,X-Small,"with
    filtered as (
        select
            dim_customer_wl.customer_segment,
            dim_product_wl.product_category,
            fact_event.customer_id,
            fact_event.product_id,
            fact_event.amount
        from fact_event_m as fact_event
        inner join dim_customer_wl on fact_event.customer_id = dim_customer_wl.customer_id
        inner join dim_product_wl on fact_event.product_id = dim_product_wl.product_id
        where cast(substr(fact_event.event_code, 3, 3) as integer)
            < 450
    ),

    ranked as (
        select
            filtered.*,
            row_number() over (
                partition by filtered.customer_id
                order by filtered.amount desc
            ) as amount_rank
        from filtered
    )

    select
        customer_segment,
        product_category,
        customer_id,
        count(*) as query_rows,
        sum(amount) as amount_total,
        count(distinct product_id) as products,
        max(amount_rank) as deepest_rank
    from ranked
    group by customer_segment, product_category, customer_id
    order by amount_total desc"
t48_s2,t48,2M rows · 3 joins · group by · window · order by · no limit,Medium,"with
    filtered as (
        select
            dim_customer_wl.customer_segment,
            dim_product_wl.product_category,
            dim_region_wl.region_name,
            fact_event.customer_id,
            fact_event.product_id,
            fact_event.amount
        from fact_event_s as fact_event
        inner join dim_customer_wl on fact_event.customer_id = dim_customer_wl.customer_id
        inner join dim_product_wl on fact_event.product_id = dim_product_wl.product_id
        inner join dim_region_wl on fact_event.region_id = dim_region_wl.region_id
        where cast(substr(fact_event.event_code, 3, 3) as integer)
            < 150
    ),

    ranked as (
        select
            filtered.*,
            row_number() over (
                partition by filtered.customer_id
                order by filtered.amount desc
            ) as amount_rank
        from filtered
    )

    select
        customer_segment,
        product_category,
        region_name,
        customer_id,
        count(*) as query_rows,
        sum(amount) as amount_total,
        count(distinct product_id) as products,
        max(amount_rank) as deepest_rank
    from ranked
    group by customer_segment, product_category, region_name, customer_id
    order by amount_total desc"
t14_s1,t14,5M rows · 2 joins · no group by · limit 1000,X-Small,"with
    filtered as (
        select
            dim_customer_wl.customer_segment,
            dim_product_wl.product_category,
            fact_event.customer_id,
            fact_event.product_id,
            fact_event.amount
        from fact_event_l as fact_event
        inner join dim_customer_wl on fact_event.customer_id = dim_customer_wl.customer_id
        inner join dim_product_wl on fact_event.product_id = dim_product_wl.product_id
        where cast(substr(fact_event.event_code, 3, 3) as integer)
            < 20
    )

    select
        count(*) as query_rows,
        sum(amount) as amount_total,
        count(distinct product_id) as products
    from filtered
    limit 1000"
t04_s1,t04,3M rows · 2 joins · no group by · window · order by · limit 100,Medium,"with
    filtered as (
        select
            dim_customer_wl.customer_segment,
            dim_product_wl.product_category,
            fact_event.customer_id,
            fact_event.product_id,
            fact_event.amount
        from fact_event_m as fact_event
        inner join dim_customer_wl on fact_event.customer_id = dim_customer_wl.customer_id
        inner join dim_product_wl on fact_event.product_id = dim_product_wl.product_id
        where cast(substr(fact_event.event_code, 3, 3) as integer)
            < 20
    ),

    ranked as (
        select
            filtered.*,
            row_number() over (
                partition by filtered.customer_id
                order by filtered.amount desc
            ) as amount_rank
        from filtered
    )

    select
        count(*) as query_rows,
        sum(amount) as amount_total,
        count(distinct product_id) as products,
        max(amount_rank) as deepest_rank
    from ranked
    order by amount_total desc
    limit 100"
t25_s1,t25,8M rows · 1 join · no group by · limit 100,Medium,"with
    filtered as (
        select
            dim_customer_wl.customer_segment,
            fact_event.customer_id,
            fact_event.product_id,
            fact_event.amount
        from fact_event_x as fact_event
        inner join dim_customer_wl on fact_event.customer_id = dim_customer_wl.customer_id
        where cast(substr(fact_event.event_code, 3, 3) as integer)
            < 20
    )

    select
        count(*) as query_rows,
        sum(amount) as amount_total,
        count(distinct product_id) as products
    from filtered
    limit 100"
t03_s4,t03,8M rows · 2 joins · no group by · window · no limit,Small,"with
    filtered as (
        select
            dim_customer_wl.customer_segment,
            dim_product_wl.product_category,
            fact_event.customer_id,
            fact_event.product_id,
            fact_event.amount
        from fact_event_x as fact_event
        inner join dim_customer_wl on fact_event.customer_id = dim_customer_wl.customer_id
        inner join dim_product_wl on fact_event.product_id = dim_product_wl.product_id
        where cast(substr(fact_event.event_code, 3, 3) as integer)
            < 900
    ),

    ranked as (
        select
            filtered.*,
            row_number() over (
                partition by filtered.customer_id
                order by filtered.amount desc
            ) as amount_rank
        from filtered
    )

    select
        count(*) as query_rows,
        sum(amount) as amount_total,
        count(distinct product_id) as products,
        max(amount_rank) as deepest_rank
    from ranked"
t48_s3,t48,2M rows · 3 joins · group by · window · order by · no limit,X-Small,"with
    filtered as (
        select
            dim_customer_wl.customer_segment,
            dim_product_wl.product_category,
            dim_region_wl.region_name,
            fact_event.customer_id,
            fact_event.product_id,
            fact_event.amount
        from fact_event_s as fact_event
        inner join dim_customer_wl on fact_event.customer_id = dim_customer_wl.customer_id
        inner join dim_product_wl on fact_event.product_id = dim_product_wl.product_id
        inner join dim_region_wl on fact_event.region_id = dim_region_wl.region_id
        where cast(substr(fact_event.event_code, 3, 3) as integer)
            < 450
    ),

    ranked as (
        select
            filtered.*,
            row_number() over (
                partition by filtered.customer_id
                order by filtered.amount desc
            ) as amount_rank
        from filtered
    )

    select
        customer_segment,
        product_category,
        region_name,
        customer_id,
        count(*) as query_rows,
        sum(amount) as amount_total,
        count(distinct product_id) as products,
        max(amount_rank) as deepest_rank
    from ranked
    group by customer_segment, product_category, region_name, customer_id
    order by amount_total desc"
t58_s1,t58,5M rows · 0 joins · group by · window · limit 100,Medium,"with
    filtered as (
        select
            fact_event.customer_id,
            fact_event.product_id,
            fact_event.amount
        from fact_event_l as fact_event
        where cast(substr(fact_event.event_code, 3, 3) as integer)
            < 20
    ),

    ranked as (
        select
            filtered.*,
            row_number() over (
                partition by filtered.customer_id
                order by filtered.amount desc
            ) as amount_rank
        from filtered
    )

    select
        customer_id,
        count(*) as query_rows,
        sum(amount) as amount_total,
        count(distinct product_id) as products,
        max(amount_rank) as deepest_rank
    from ranked
    group by customer_id
    limit 100"
t08_s4,t08,5M rows · 0 joins · no group by · window · limit 1000,X-Small,"with
    filtered as (
        select
            fact_event.customer_id,
            fact_event.product_id,
            fact_event.amount
        from fact_event_l as fact_event
        where cast(substr(fact_event.event_code, 3, 3) as integer)
            < 900
    ),

    ranked as (
        select
            filtered.*,
            row_number() over (
                partition by filtered.customer_id
                order by filtered.amount desc
            ) as amount_rank
        from filtered
    )

    select
        count(*) as query_rows,
        sum(amount) as amount_total,
        count(distinct product_id) as products,
        max(amount_rank) as deepest_rank
    from ranked
    limit 1000"
t27_s2,t27,8M rows · 0 joins · group by · window · order by · no limit,Medium,"with
    filtered as (
        select
            fact_event.customer_id,
            fact_event.product_id,
            fact_event.amount
        from fact_event_x as fact_event
        where cast(substr(fact_event.event_code, 3, 3) as integer)
            < 150
    ),

    ranked as (
        select
            filtered.*,
            row_number() over (
                partition by filtered.customer_id
                order by filtered.amount desc
            ) as amount_rank
        from filtered
    )

    select
        customer_id,
        count(*) as query_rows,
        sum(amount) as amount_total,
        count(distinct product_id) as products,
        max(amount_rank) as deepest_rank
    from ranked
    group by customer_id
    order by amount_total desc"
t13_s4,t13,5M rows · 2 joins · group by · window · order by · limit 100,Medium,"with
    filtered as (
        select
            dim_customer_wl.customer_segment,
            dim_product_wl.product_category,
            fact_event.customer_id,
            fact_event.product_id,
            fact_event.amount
        from fact_event_l as fact_event
        inner join dim_customer_wl on fact_event.customer_id = dim_customer_wl.customer_id
        inner join dim_product_wl on fact_event.product_id = dim_product_wl.product_id
        where cast(substr(fact_event.event_code, 3, 3) as integer)
            < 900
    ),

    ranked as (
        select
            filtered.*,
            row_number() over (
                partition by filtered.customer_id
                order by filtered.amount desc
            ) as amount_rank
        from filtered
    )

    select
        customer_segment,
        product_category,
        customer_id,
        count(*) as query_rows,
        sum(amount) as amount_total,
        count(distinct product_id) as products,
        max(amount_rank) as deepest_rank
    from ranked
    group by customer_segment, product_category, customer_id
    order by amount_total desc
    limit 100"
t45_s4,t45,2M rows · 1 join · group by · window · order by · no limit,Small,"with
    filtered as (
        select
            dim_customer_wl.customer_segment,
            fact_event.customer_id,
            fact_event.product_id,
            fact_event.amount
        from fact_event_s as fact_event
        inner join dim_customer_wl on fact_event.customer_id = dim_customer_wl.customer_id
        where cast(substr(fact_event.event_code, 3, 3) as integer)
            < 900
    ),

    ranked as (
        select
            filtered.*,
            row_number() over (
                partition by filtered.customer_id
                order by filtered.amount desc
            ) as amount_rank
        from filtered
    )

    select
        customer_segment,
        customer_id,
        count(*) as query_rows,
        sum(amount) as amount_total,
        count(distinct product_id) as products,
        max(amount_rank) as deepest_rank
    from ranked
    group by customer_segment, customer_id
    order by amount_total desc"
t42_s3,t42,3M rows · 0 joins · group by · window · order by · no limit,X-Small,"with
    filtered as (
        select
            fact_event.customer_id,
            fact_event.product_id,
            fact_event.amount
        from fact_event_m as fact_event
        where cast(substr(fact_event.event_code, 3, 3) as integer)
            < 450
    ),

    ranked as (
        select
            filtered.*,
            row_number() over (
                partition by filtered.customer_id
                order by filtered.amount desc
            ) as amount_rank
        from filtered
    )

    select
        customer_id,
        count(*) as query_rows,
        sum(amount) as amount_total,
        count(distinct product_id) as products,
        max(amount_rank) as deepest_rank
    from ranked
    group by customer_id
    order by amount_total desc"
t21_s4,t21,2M rows · 3 joins · group by · order by · no limit,Small,"with
    filtered as (
        select
            dim_customer_wl.customer_segment,
            dim_product_wl.product_category,
            dim_region_wl.region_name,
            fact_event.customer_id,
            fact_event.product_id,
            fact_event.amount
        from fact_event_s as fact_event
        inner join dim_customer_wl on fact_event.customer_id = dim_customer_wl.customer_id
        inner join dim_product_wl on fact_event.product_id = dim_product_wl.product_id
        inner join dim_region_wl on fact_event.region_id = dim_region_wl.region_id
        where cast(substr(fact_event.event_code, 3, 3) as integer)
            < 900
    )

    select
        customer_segment,
        product_category,
        region_name,
        customer_id,
        count(*) as query_rows,
        sum(amount) as amount_total,
        count(distinct product_id) as products
    from filtered
    group by customer_segment, product_category, region_name, customer_id
    order by amount_total desc"
t14_s4,t14,5M rows · 2 joins · no group by · limit 1000,X-Small,"with
    filtered as (
        select
            dim_customer_wl.customer_segment,
            dim_product_wl.product_category,
            fact_event.customer_id,
            fact_event.product_id,
            fact_event.amount
        from fact_event_l as fact_event
        inner join dim_customer_wl on fact_event.customer_id = dim_customer_wl.customer_id
        inner join dim_product_wl on fact_event.product_id = dim_product_wl.product_id
        where cast(substr(fact_event.event_code, 3, 3) as integer)
            < 900
    )

    select
        count(*) as query_rows,
        sum(amount) as amount_total,
        count(distinct product_id) as products
    from filtered
    limit 1000"
t47_s1,t47,8M rows · 1 join · no group by · window · order by · limit 1000,X-Small,"with
    filtered as (
        select
            dim_customer_wl.customer_segment,
            fact_event.customer_id,
            fact_event.product_id,
            fact_event.amount
        from fact_event_x as fact_event
        inner join dim_customer_wl on fact_event.customer_id = dim_customer_wl.customer_id
        where cast(substr(fact_event.event_code, 3, 3) as integer)
            < 20
    ),

    ranked as (
        select
            filtered.*,
            row_number() over (
                partition by filtered.customer_id
                order by filtered.amount desc
            ) as amount_rank
        from filtered
    )

    select
        count(*) as query_rows,
        sum(amount) as amount_total,
        count(distinct product_id) as products,
        max(amount_rank) as deepest_rank
    from ranked
    order by amount_total desc
    limit 1000"
t48_s1,t48,2M rows · 3 joins · group by · window · order by · no limit,Small,"with
    filtered as (
        select
            dim_customer_wl.customer_segment,
            dim_product_wl.product_category,
            dim_region_wl.region_name,
            fact_event.customer_id,
            fact_event.product_id,
            fact_event.amount
        from fact_event_s as fact_event
        inner join dim_customer_wl on fact_event.customer_id = dim_customer_wl.customer_id
        inner join dim_product_wl on fact_event.product_id = dim_product_wl.product_id
        inner join dim_region_wl on fact_event.region_id = dim_region_wl.region_id
        where cast(substr(fact_event.event_code, 3, 3) as integer)
            < 20
    ),

    ranked as (
        select
            filtered.*,
            row_number() over (
                partition by filtered.customer_id
                order by filtered.amount desc
            ) as amount_rank
        from filtered
    )

    select
        customer_segment,
        product_category,
        region_name,
        customer_id,
        count(*) as query_rows,
        sum(amount) as amount_total,
        count(distinct product_id) as products,
        max(amount_rank) as deepest_rank
    from ranked
    group by customer_segment, product_category, region_name, customer_id
    order by amount_total desc"
t56_s3,t56,8M rows · 2 joins · no group by · limit 1000,Medium,"with
    filtered as (
        select
            dim_customer_wl.customer_segment,
            dim_product_wl.product_category,
            fact_event.customer_id,
            fact_event.product_id,
            fact_event.amount
        from fact_event_x as fact_event
        inner join dim_customer_wl on fact_event.customer_id = dim_customer_wl.customer_id
        inner join dim_product_wl on fact_event.product_id = dim_product_wl.product_id
        where cast(substr(fact_event.event_code, 3, 3) as integer)
            < 450
    )

    select
        count(*) as query_rows,
        sum(amount) as amount_total,
        count(distinct product_id) as products
    from filtered
    limit 1000"
t51_s1,t51,2M rows · 0 joins · group by · no limit,Small,"with
    filtered as (
        select
            fact_event.customer_id,
            fact_event.product_id,
            fact_event.amount
        from fact_event_s as fact_event
        where cast(substr(fact_event.event_code, 3, 3) as integer)
            < 20
    )

    select
        customer_id,
        count(*) as query_rows,
        sum(amount) as amount_total,
        count(distinct product_id) as products
    from filtered
    group by customer_id"
t32_s2,t32,8M rows · 0 joins · group by · order by · limit 1000,Small,"with
    filtered as (
        select
            fact_event.customer_id,
            fact_event.product_id,
            fact_event.amount
        from fact_event_x as fact_event
        where cast(substr(fact_event.event_code, 3, 3) as integer)
            < 150
    )

    select
        customer_id,
        count(*) as query_rows,
        sum(amount) as amount_total,
        count(distinct product_id) as products
    from filtered
    group by customer_id
    order by amount_total desc
    limit 1000"
t29_s2,t29,5M rows · 0 joins · group by · order by · limit 1000,Small,"with
    filtered as (
        select
            fact_event.customer_id,
            fact_event.product_id,
            fact_event.amount
        from fact_event_l as fact_event
        where cast(substr(fact_event.event_code, 3, 3) as integer)
            < 150
    )

    select
        customer_id,
        count(*) as query_rows,
        sum(amount) as amount_total,
        count(distinct product_id) as products
    from filtered
    group by customer_id
    order by amount_total desc
    limit 1000"
t31_s1,t31,2M rows · 1 join · no group by · window · limit 100,Medium,"with
    filtered as (
        select
            dim_customer_wl.customer_segment,
            fact_event.customer_id,
            fact_event.product_id,
            fact_event.amount
        from fact_event_s as fact_event
        inner join dim_customer_wl on fact_event.customer_id = dim_customer_wl.customer_id
        where cast(substr(fact_event.event_code, 3, 3) as integer)
            < 20
    ),

    ranked as (
        select
            filtered.*,
            row_number() over (
                partition by filtered.customer_id
                order by filtered.amount desc
            ) as amount_rank
        from filtered
    )

    select
        count(*) as query_rows,
        sum(amount) as amount_total,
        count(distinct product_id) as products,
        max(amount_rank) as deepest_rank
    from ranked
    limit 100"
t38_s1,t38,3M rows · 2 joins · no group by · limit 1000,X-Small,"with
    filtered as (
        select
            dim_customer_wl.customer_segment,
            dim_product_wl.product_category,
            fact_event.customer_id,
            fact_event.product_id,
            fact_event.amount
        from fact_event_m as fact_event
        inner join dim_customer_wl on fact_event.customer_id = dim_customer_wl.customer_id
        inner join dim_product_wl on fact_event.product_id = dim_product_wl.product_id
        where cast(substr(fact_event.event_code, 3, 3) as integer)
            < 20
    )

    select
        count(*) as query_rows,
        sum(amount) as amount_total,
        count(distinct product_id) as products
    from filtered
    limit 1000"
t07_s1,t07,2M rows · 2 joins · group by · window · limit 100,Medium,"with
    filtered as (
        select
            dim_customer_wl.customer_segment,
            dim_product_wl.product_category,
            fact_event.customer_id,
            fact_event.product_id,
            fact_event.amount
        from fact_event_s as fact_event
        inner join dim_customer_wl on fact_event.customer_id = dim_customer_wl.customer_id
        inner join dim_product_wl on fact_event.product_id = dim_product_wl.product_id
        where cast(substr(fact_event.event_code, 3, 3) as integer)
            < 20
    ),

    ranked as (
        select
            filtered.*,
            row_number() over (
                partition by filtered.customer_id
                order by filtered.amount desc
            ) as amount_rank
        from filtered
    )

    select
        customer_segment,
        product_category,
        customer_id,
        count(*) as query_rows,
        sum(amount) as amount_total,
        count(distinct product_id) as products,
        max(amount_rank) as deepest_rank
    from ranked
    group by customer_segment, product_category, customer_id
    limit 100"
t23_s1,t23,5M rows · 1 join · no group by · order by · limit 1000,X-Small,"with
    filtered as (
        select
            dim_customer_wl.customer_segment,
            fact_event.customer_id,
            fact_event.product_id,
            fact_event.amount
        from fact_event_l as fact_event
        inner join dim_customer_wl on fact_event.customer_id = dim_customer_wl.customer_id
        where cast(substr(fact_event.event_code, 3, 3) as integer)
            < 20
    )

    select
        count(*) as query_rows,
        sum(amount) as amount_total,
        count(distinct product_id) as products
    from filtered
    order by amount_total desc
    limit 1000"
t18_s4,t18,2M rows · 2 joins · group by · no limit,Small,"with
    filtered as (
        select
            dim_customer_wl.customer_segment,
            dim_product_wl.product_category,
            fact_event.customer_id,
            fact_event.product_id,
            fact_event.amount
        from fact_event_s as fact_event
        inner join dim_customer_wl on fact_event.customer_id = dim_customer_wl.customer_id
        inner join dim_product_wl on fact_event.product_id = dim_product_wl.product_id
        where cast(substr(fact_event.event_code, 3, 3) as integer)
            < 900
    )

    select
        customer_segment,
        product_category,
        customer_id,
        count(*) as query_rows,
        sum(amount) as amount_total,
        count(distinct product_id) as products
    from filtered
    group by customer_segment, product_category, customer_id"
t30_s4,t30,5M rows · 1 join · group by · window · no limit,Small,"with
    filtered as (
        select
            dim_customer_wl.customer_segment,
            fact_event.customer_id,
            fact_event.product_id,
            fact_event.amount
        from fact_event_l as fact_event
        inner join dim_customer_wl on fact_event.customer_id = dim_customer_wl.customer_id
        where cast(substr(fact_event.event_code, 3, 3) as integer)
            < 900
    ),

    ranked as (
        select
            filtered.*,
            row_number() over (
                partition by filtered.customer_id
                order by filtered.amount desc
            ) as amount_rank
        from filtered
    )

    select
        customer_segment,
        customer_id,
        count(*) as query_rows,
        sum(amount) as amount_total,
        count(distinct product_id) as products,
        max(amount_rank) as deepest_rank
    from ranked
    group by customer_segment, customer_id"
t11_s4,t11,3M rows · 0 joins · group by · limit 1000,X-Small,"with
    filtered as (
        select
            fact_event.customer_id,
            fact_event.product_id,
            fact_event.amount
        from fact_event_m as fact_event
        where cast(substr(fact_event.event_code, 3, 3) as integer)
            < 900
    )

    select
        customer_id,
        count(*) as query_rows,
        sum(amount) as amount_total,
        count(distinct product_id) as products
    from filtered
    group by customer_id
    limit 1000"
t22_s4,t22,5M rows · 2 joins · no group by · order by · limit 100,Medium,"with
    filtered as (
        select
            dim_customer_wl.customer_segment,
            dim_product_wl.product_category,
            fact_event.customer_id,
            fact_event.product_id,
            fact_event.amount
        from fact_event_l as fact_event
        inner join dim_customer_wl on fact_event.customer_id = dim_customer_wl.customer_id
        inner join dim_product_wl on fact_event.product_id = dim_product_wl.product_id
        where cast(substr(fact_event.event_code, 3, 3) as integer)
            < 900
    )

    select
        count(*) as query_rows,
        sum(amount) as amount_total,
        count(distinct product_id) as products
    from filtered
    order by amount_total desc
    limit 100"
t27_s1,t27,8M rows · 0 joins · group by · window · order by · no limit,Small,"with
    filtered as (
        select
            fact_event.customer_id,
            fact_event.product_id,
            fact_event.amount
        from fact_event_x as fact_event
        where cast(substr(fact_event.event_code, 3, 3) as integer)
            < 20
    ),

    ranked as (
        select
            filtered.*,
            row_number() over (
                partition by filtered.customer_id
                order by filtered.amount desc
            ) as amount_rank
        from filtered
    )

    select
        customer_id,
        count(*) as query_rows,
        sum(amount) as amount_total,
        count(distinct product_id) as products,
        max(amount_rank) as deepest_rank
    from ranked
    group by customer_id
    order by amount_total desc"
t53_s2,t53,5M rows · 1 join · group by · limit 1000,Small,"with
    filtered as (
        select
            dim_customer_wl.customer_segment,
            fact_event.customer_id,
            fact_event.product_id,
            fact_event.amount
        from fact_event_l as fact_event
        inner join dim_customer_wl on fact_event.customer_id = dim_customer_wl.customer_id
        where cast(substr(fact_event.event_code, 3, 3) as integer)
            < 150
    )

    select
        customer_segment,
        customer_id,
        count(*) as query_rows,
        sum(amount) as amount_total,
        count(distinct product_id) as products
    from filtered
    group by customer_segment, customer_id
    limit 1000"
t49_s4,t49,3M rows · 0 joins · group by · window · limit 100,Medium,"with
    filtered as (
        select
            fact_event.customer_id,
            fact_event.product_id,
            fact_event.amount
        from fact_event_m as fact_event
        where cast(substr(fact_event.event_code, 3, 3) as integer)
            < 900
    ),

    ranked as (
        select
            filtered.*,
            row_number() over (
                partition by filtered.customer_id
                order by filtered.amount desc
            ) as amount_rank
        from filtered
    )

    select
        customer_id,
        count(*) as query_rows,
        sum(amount) as amount_total,
        count(distinct product_id) as products,
        max(amount_rank) as deepest_rank
    from ranked
    group by customer_id
    limit 100"
t37_s3,t37,5M rows · 0 joins · no group by · limit 100,Small,"with
    filtered as (
        select
            fact_event.customer_id,
            fact_event.product_id,
            fact_event.amount
        from fact_event_l as fact_event
        where cast(substr(fact_event.event_code, 3, 3) as integer)
            < 450
    )

    select
        count(*) as query_rows,
        sum(amount) as amount_total,
        count(distinct product_id) as products
    from filtered
    limit 100"
t42_s1,t42,3M rows · 0 joins · group by · window · order by · no limit,Small,"with
    filtered as (
        select
            fact_event.customer_id,
            fact_event.product_id,
            fact_event.amount
        from fact_event_m as fact_event
        where cast(substr(fact_event.event_code, 3, 3) as integer)
            < 20
    ),

    ranked as (
        select
            filtered.*,
            row_number() over (
                partition by filtered.customer_id
                order by filtered.amount desc
            ) as amount_rank
        from filtered
    )

    select
        customer_id,
        count(*) as query_rows,
        sum(amount) as amount_total,
        count(distinct product_id) as products,
        max(amount_rank) as deepest_rank
    from ranked
    group by customer_id
    order by amount_total desc"
t39_s1,t39,2M rows · 3 joins · group by · window · no limit,Small,"with
    filtered as (
        select
            dim_customer_wl.customer_segment,
            dim_product_wl.product_category,
            dim_region_wl.region_name,
            fact_event.customer_id,
            fact_event.product_id,
            fact_event.amount
        from fact_event_s as fact_event
        inner join dim_customer_wl on fact_event.customer_id = dim_customer_wl.customer_id
        inner join dim_product_wl on fact_event.product_id = dim_product_wl.product_id
        inner join dim_region_wl on fact_event.region_id = dim_region_wl.region_id
        where cast(substr(fact_event.event_code, 3, 3) as integer)
            < 20
    ),

    ranked as (
        select
            filtered.*,
            row_number() over (
                partition by filtered.customer_id
                order by filtered.amount desc
            ) as amount_rank
        from filtered
    )

    select
        customer_segment,
        product_category,
        region_name,
        customer_id,
        count(*) as query_rows,
        sum(amount) as amount_total,
        count(distinct product_id) as products,
        max(amount_rank) as deepest_rank
    from ranked
    group by customer_segment, product_category, region_name, customer_id"
t52_s3,t52,2M rows · 2 joins · no group by · window · limit 100,Small,"with
    filtered as (
        select
            dim_customer_wl.customer_segment,
            dim_product_wl.product_category,
            fact_event.customer_id,
            fact_event.product_id,
            fact_event.amount
        from fact_event_s as fact_event
        inner join dim_customer_wl on fact_event.customer_id = dim_customer_wl.customer_id
        inner join dim_product_wl on fact_event.product_id = dim_product_wl.product_id
        where cast(substr(fact_event.event_code, 3, 3) as integer)
            < 450
    ),

    ranked as (
        select
            filtered.*,
            row_number() over (
                partition by filtered.customer_id
                order by filtered.amount desc
            ) as amount_rank
        from filtered
    )

    select
        count(*) as query_rows,
        sum(amount) as amount_total,
        count(distinct product_id) as products,
        max(amount_rank) as deepest_rank
    from ranked
    limit 100"
t20_s3,t20,2M rows · 2 joins · no group by · limit 1000,Medium,"with
    filtered as (
        select
            dim_customer_wl.customer_segment,
            dim_product_wl.product_category,
            fact_event.customer_id,
            fact_event.product_id,
            fact_event.amount
        from fact_event_s as fact_event
        inner join dim_customer_wl on fact_event.customer_id = dim_customer_wl.customer_id
        inner join dim_product_wl on fact_event.product_id = dim_product_wl.product_id
        where cast(substr(fact_event.event_code, 3, 3) as integer)
            < 450
    )

    select
        count(*) as query_rows,
        sum(amount) as amount_total,
        count(distinct product_id) as products
    from filtered
    limit 1000"
